Workbook

Sheet 1_preprocessing
A1: ID | B1: Object | C1: Type | D1: Description
A2: 1 | B2: subject_dirs | C2: vector; chr | D2: Vector containing paths to subject-specific directories. Subject directories are expected in ‘data’ directory, which is one level above working directory.
A3: 2 | B3: subject_dirs_rel | C3: vector; chr | D3: Contains just the subject labels. Example: “sub-e01”.
A4: 3 | B4: datasets | C4: list | D4: A list containing subject specific dataframes. Each dataframe is created by importing the behavioral data collected during MRI (found in “data/subject-xxx/mri_runs_behavioral)
A5: 4 | B5: sub_all_data | C5: dataframe | D5: Subject-specific dataframe containing behavioral data collected during MRI. Stored with dataframes from other subjects into the list ‘datasets’. See xx for more information.
A6: 5 | B6: matrices | C6: list | D6: Contains preprocessed datasets (sourced from ‘sub_all_data’) which are specific to each subject. Preprocessing is necessary to make the data work with JAGS. The datasets are transformed to two types of matrices, see ‘jags_functions.R’ sheet for more information. Each matrix has 36 rows and 36 columns, belonging to the 36 paintings. Each cell represents a pair of paintings which are considered together during a trial of the 1-back MRI task. Cell values represent the amount of preferences for a specific painting in a pair, or the total number of pairings depending on which matrix type you look at. For example, if the cell belonging to painting 5 (row) and painting 13 (column) has the value 3, it means (depending on the matrix type) that painting 5 was preferred 3 times over painting 13, or that the pairing has occurred 3 times in total.
A7: 6 | B7: true_ranks_subs | C7: list | D7: Contains for each subject another list (which contains ‘ranking_data’ and ‘ranking_vector’). These hold the final ranking data sourced from the post_mri_ranking.csv file.
A8: 7 | B8: ratings | C8: list | D8: Contains subject-specific pre-mri liking scores for each painting.
A9: 8 | B9: true_ranks_vec | C9: vector; int | D9: Contains the ranking information of the paintings. Values are painting ID’s which are ordered by ranking (first in the vector means rank 1, second value is rank 2 etc.)
A10: 9 | B10: ranking_data | C10: dataframe | D10: Same data as ‘true_ranks_vec’ but structured in organized fashion. Has columns ‘ID’ and ‘Ranking’, which are respectively: Painting ID and corresponding ranking.

Sheet 2_JAGS_setup_initialization
A1: ID | B1: Object | C1: Type | D1: Description
A2: ='1_preprocessing'!A10 +1 -> 10 | B2: modelString | C2: chr | D2: Specifies the JAGS model, as outlined in the manuscript. This will be written to a .txtfile in the ‘models’ directory. Later on it will be read by JAGS.
A3: =A2 + 1 -> 11 | B3: nChains | C3: int | D3: Number of Markov chains to be employed by the JAGS model.
A4: =A3 + 1 -> 12 | B4: inits | C4: list | D4: Contains a number of lists, as much as nChains. Each inner list contains random initial values for the mu and kappa parameters for a specific chain.

Sheet 3_JAGS_run_estimation
A1: ID | B1: Object | C1: Type | D1: Description
A2: ='2_JAGS_setup_initialization'!A4+1 -> 13 | B2: jags_output_subs | C2: list | D2: Contains the JAGS model output of each subject.
A3: =A2+1 -> 14 | B3: M_pref | C3: matrix | D3: Matrix containing preference responses of a specific subject. Rows and columns indicate paintings 1 – 36. Each cell represents a pair of paintings which are considered together during a trial of the 1-back MRI task. Cell values represent the amount of preferences for a specific painting in a pair, which is the row value. For example, if the cell belonging to painting 5 (row) and painting 13 (column) has the value 3, it means that painting 5 was preferred 3 times over painting 13. Conversely, if painting 13 was preferred over 5, row 13 and column 5 increases in value.
A4: =A3+1 -> 15 | B4: M_n | C4: matrix | D4: Similar to M_pref other than that cell values are the total number of presentations of that specific pair of paintings.
A5: =A4+1 -> 16 | B5: dataList | C5: list | D5: List which specifies the input data for the JAGS model in a way that the model can read it.
A6: =A5+1 -> 17 | B6: pars | C6: vector; chr | D6: Parameter to monitor in JAGS model output.
A7: =A6+1 -> 18 | B7: samples | C7: int | D7: Number of samples per chain.
A8: =A7+1 -> 19 | B8: burnin | C8: int | D8: Burning period of JAGS model
A9: =A8+1 -> 20 | B9: nAdapt | C9: int | D9: Number of adapting samples of JAGS model.
A10: =A9+1 -> 21 | B10: output | C10: runjags object | D10: JAGS model output for specific subject.

Sheet 4_predictive_validity
A1: ID | B1: Object | C1: Type | D1: Description
A2: ='3_JAGS_run_estimation'!A10 -> 21 | B2: subs_validity | C2: list | D2: Contains a list per subject which stores the Highest Density Interval upper and lower bounds of the JAGS sample correlations with the final ranking data (posterior distribution of predictive validity). Also stores the median value.
A3: =A2+1 -> 22 | B3: cor_samples_df | C3: dataframe | D3: For each subject it stores the correlation between the JAGS model samples and the final ranking data. Each sample from JAGS contains a latent liking score for each painting. These values are rank-transformed in order to correlate them with the final ranking data.
A4: =A3+1 -> 23 | B4: liking_stages_df | C4: dataframe | D4: Contains for each subject an overview of each painting’s pre-mri liking score, latent liking score, and post-mri ranking score. Is later used to check the correlation between each score.
A5: =A4+1 -> 24 | B5: subject_df | C5: dataframe | D5: A subject-specific dataframe containing each paintings liking score, across all stages. This is used to write the information away to a file called "liking_three_stages.xlsx".
A6: =A5+1 -> 25 | B6: HDI_data | C6: list | D6: Contains the upper and lower bound of the Highest Density Interval (or 95% Credibile Interval) as well as the median value for a particular subject’s posterior distribution.

Sheet 5_k_fold_validation
A1: ID | B1: Object | C1: Type | D1: Description
A2: ='4_predictive_validity'!A6 -> 25 | B2: k | C2: int | D2: Specifies the number of folds to use in k-fold validation. Default = 10
A3: =A2+1 -> 26 | B3: acc_mat | C3: matrix | D3: Stores the model prediction accuracy for each subject, across all folds.
A4: =A3+1 -> 27 | B4: data | C4: list | D4: Contains two subdivisions of a subject’s behavioral data: one set for training the model (trainset), the other for testing it (fold; testset).
A5: =A4+1 -> 28 | B5: trainset | C5: dataframe | D5: See data
A6: =A5+1 -> 29 | B6: testset | C6: dataframe | D6: See data
A7: =A6+1 -> 30 | B7: latent_liking | C7: vector; float | D7: A subject’s latent liking scores. Is used to predict behavioral responses.
A8: =A7+1 -> 31 | B8: preds_df | C8: dataframe | D8: Contains behavioral data as well as the predicted response.
A9: =A8+1 -> 32 | B9: conf_mat | C9: list | D9: Contains data on the model’s classification performance. Most importantly, it stores the model’s accuracy in predicting the behavioral responses.
A10: =A9+1 -> 33 | B10: df_k_fold_acc | C10: dataframe | D10: Contains the model prediction accuracy across all subjects and folds. Stored as “k_fold_val_df.RData”

Sheet 6_analysis_visualization
A1: ID | B1: Object | C1: Type | D1: Description
A2: ='5_k_fold_validation'!A10 -> 33 | B2: ranked_df | C2: dataframe | D2: Similar to liking_stages_df, but with rank-transformed values. Used to calculate the spearman correlation between stages of the experiment.
A3: =A2+1 -> 34 | B3: cor_rat_ranked | C3: list | D3: Result of cor.test(), containing the spearman correlation between (rank-transformed) pre-mri liking scores and post-mri ranking scores. Also stores the p-value of the test and other related parameters.
A4: =A3+1 -> 35 | B4: cor_rat_latent | C4: list | D4: Result of cor.test(), containing the spearman correlation between (rank-transformed) pre-mri liking scores and the estimated latent liking scores (rank-transformed). Also stores the p-value of the test and other related parameters.
A5: =A4+1 -> 36 | B5: cor_lat_ranked | D5: Result of cor.test(), containing the spearman correlation between (rank-transformed) estimated latent liking scores and post-mri ranking scores. Also stores the p-value of the test and other related parameters.
A6: =A5+1 -> 37 | B6: liking_stages_long | C6: dataframe | D6: Long format of liking_stages_df. Used to visualize plots.
A7: =A6+1 -> 38 | B7: cor_samples_long | C7: dataframe | D7: Long format of cor_samples_df. Used to visualize plots.
A8: =A7+1 -> 39 | B8: mean_corr | C8: float | D8: Mean correlation across all samples and subjects of the predictive validity test (correlation between estimated latent liking scores and post-mri ranking scores). Includes outlier samples.
A9: =A8+1 -> 40 | B9: pred_val_plot | C9: ggplot | D9: Density plot of all correlations from cor_samples_long, which essentially is the posterior distribution of the predictive validity of each subject. Subjects are color-coded.
A10: =A9+1 -> 41 | B10: cor_summary | C10: dataframe | D10: Summary dataframe of the mean and standard deviation of each subject’s posterior distribution.
A11: =A10+1 -> 42 | B11: liking_stages_outliers | C11: dataframe | D11: Lists the correlations between liking scores across stages of the experiment, but only for the outliers.
A12: =A11+1 -> 43 | B12: mean_k_fold_acc | C12: float | D12: Mean accuracy of k-fold validation results. Also tested for significance and effect size.
A13: =A12+1 -> 44 | B13: k_fold_plot | C13: ggplot | D13: Histogram showing the prediction accuracy of the model across all subjects and folds. Red dashed line indicates the mean accuracy (i.e., mean_k_fold_acc).
